{
	"freeplayPrevEnd": 0.250018222902544,
	"songRating": 3,
	"freeplayPrevStart": 0.050014858674382
}