{
	"freeplayPrevEnd": 0.249968404138155,
	"songRating": 3,
	"freeplayPrevStart": 0.0500117356058281
}