{
	"freeplayPrevEnd": 0.250009420098723,
	"songRating": 4,
	"freeplayPrevStart": 0.0500207242171898
}