{
	"freeplayPrevEnd": 0.249947709684166,
	"songRating": 0,
	"freeplayPrevStart": 0.0498501010946106
}