{
	"freeplayPrevEnd": 0.250029577631423,
	"songRating": 3,
	"freeplayPrevStart": 0.0500190611402506
}