{
	"freeplayPrevEnd": 0.249993747029839,
	"songRating": 2,
	"freeplayPrevStart": 0.0500237612866111
}