{
	"freeplayPrevEnd": 0.258591738497705,
	"songRating": 4,
	"freeplayPrevStart": 0.0930861369683714
}