{
	"freeplayPrevEnd": 0.249969302015542,
	"songRating": 3,
	"freeplayPrevStart": 0.0499938604031084
}