{
	"freeplayPrevEnd": 0.249983493991813,
	"songRating": 5,
	"freeplayPrevStart": 0.0500132048065496
}