{
	"freeplayPrevEnd": 0.250030591018477,
	"songRating": 2,
	"freeplayPrevStart": 0.0500333102201194
}