{
	"freeplayPrevEnd": 0.250002010955687,
	"songRating": 5,
	"freeplayPrevStart": 0.0500325774821226
}