{
	"freeplayPrevEnd": 0.249981515711645,
	"songRating": 4,
	"freeplayPrevStart": 0.0499815157116451
}