{
	"freeplayPrevEnd": 0.250004756559295,
	"songRating": 3,
	"freeplayPrevStart": 0.0499914381932685
}